SupplierID,SupplierName,ContactName,ContactEmail,Address,PhoneNumber
Sup01,Camala Touhig,MetusArcu.mov,ctouhig0@1und1.de,896 Beilfuss Hill,647-104-3593
Sup02,Marcille Lempenny,SitAmetConsectetuer.avi,mlempenny1@businesswire.com,05 Cody Plaza,109-941-1139
Sup03,Theresita Mertel,AeneanAuctor.txt,tmertel2@wix.com,0459 6th Lane,186-526-2375
Sup04,Allianora Fitzharris,Sem.jpeg,afitzharris3@etsy.com,2 Gina Alley,434-665-5906
Sup05,Adore Arton,AeneanSitAmet.mp3,aarton4@noaa.gov,86 Kennedy Drive,442-988-6571
Sup06,Lynea Towhey,Laoreet.xls,ltowhey5@vistaprint.com,99 South Hill,794-182-6784
Sup07,Kingston Docket,UtMassa.png,kdocket6@businessweek.com,0 Roxbury Trail,591-400-4401
Sup08,Francyne Gillings,Arcu.tiff,fgillings7@accuweather.com,30835 Memorial Plaza,229-241-3448
Sup09,Corrinne Coslitt,PurusEu.xls,ccoslitt8@xinhuanet.com,6558 Meadow Valley Court,882-190-9243
Sup10,Kile Treneman,Fusce.mp3,ktreneman9@earthlink.net,01 Barby Street,168-924-2464
Sup11,Corabelle Rudderham,Morbi.xls,crudderhama@sogou.com,76377 Muir Trail,644-515-6393
Sup12,Devina Pabst,MaurisViverraDiam.doc,dpabstb@fema.gov,18 Johnson Point,250-428-4742
Sup13,Denny Westcott,VivamusMetusArcu.avi,dwestcottc@liveinternet.ru,370 International Circle,250-628-4386
Sup14,Leupold Cerie,Phasellus.mp3,lceried@samsung.com,7109 Oakridge Pass,498-274-7152
Sup15,Wood Braund,IpsumPrimis.xls,wbraunde@economist.com,7 Sunnyside Street,544-407-4641
Sup16,Alena Massow,Turpis.ppt,amassowf@bravesites.com,0587 Arrowood Trail,221-536-4572
Sup17,Finlay Hedgeman,VestibulumRutrumRutrum.doc,fhedgemang@cdbaby.com,75 Red Cloud Point,235-675-3019
Sup18,Aimil Jevon,NullamMolestie.jpeg,ajevonh@oaic.gov.au,591 Michigan Pass,983-899-9866
Sup19,Dynah Lovelock,Eu.jpeg,dlovelocki@vk.com,67187 Pierstorff Road,137-508-7420
Sup20,Sean Tattam,OrciMaurisLacinia.ppt,stattamj@usatoday.com,643 Blue Bill Park Road,189-433-1818
Sup21,Mervin Martlew,Lorem.xls,mmartlewk@delicious.com,5415 Manufacturers Road,595-538-4627
Sup22,Sheena Dumini,DuiNec.ppt,sduminil@umich.edu,0 Bunting Alley,207-519-8730
Sup23,Constancia Mary,TortorQuis.mp3,cmarym@chicagotribune.com,72 Hoepker Crossing,276-299-7934
Sup24,Angelia Lurcock,QuisqueUt.xls,alurcockn@imageshack.us,46472 Sachs Center,207-391-4589
Sup25,Dar Hofton,Odio.avi,dhoftono@ifeng.com,08188 Buhler Junction,870-383-4074
Sup26,Timotheus Ausello,MassaTemporConvallis.xls,tausellop@istockphoto.com,93957 David Plaza,376-361-9692
Sup27,Hobey Krishtopaittis,EnimSitAmet.xls,hkrishtopaittisq@google.ca,317 Cherokee Junction,319-483-3006
Sup28,Martainn Haskell,Fusce.png,mhaskellr@indiatimes.com,5 Kensington Place,937-281-0549
Sup29,Lynde Foxworthy,IdPretium.mp3,lfoxworthys@admin.ch,24409 Di Loreto Crossing,419-578-1856
Sup30,Roanna Chamberlain,Lectus.ppt,rchamberlaint@scribd.com,5887 Northview Way,445-934-7640
Sup31,Bellanca Skyner,NecNisi.txt,bskyneru@ucsd.edu,866 Nova Circle,529-888-9006
Sup32,Melisent Lambarth,Consectetuer.ppt,mlambarthv@webs.com,7763 Drewry Court,622-820-3079
Sup33,Clarence Mossdale,Nonummy.png,cmossdalew@angelfire.com,5315 Bellgrove Drive,734-717-3656
Sup34,Willis Damrel,InSagittisDui.txt,wdamrelx@ca.gov,8837 Oriole Crossing,938-869-5630
Sup35,Billy McLarnon,AtFeugiatNon.ppt,bmclarnony@netscape.com,08407 Hoffman Point,752-887-5124
Sup36,Ray Finlater,MusVivamusVestibulum.mpeg,rfinlaterz@stumbleupon.com,92 Kinsman Alley,977-297-9760
Sup37,Riva Persent,Consequat.tiff,rpersent10@cbsnews.com,10 Dixon Alley,964-449-6613
Sup38,Jonah Osgar,LuctusEt.ppt,josgar11@dailymail.co.uk,45 Stoughton Parkway,408-599-1424
Sup39,Joellyn Huggens,Ante.mp3,jhuggens12@360.cn,11 Valley Edge Crossing,818-568-5102
Sup40,Kain Dowd,SapienArcuSed.mp3,kdowd13@bandcamp.com,9821 Comanche Hill,277-277-9797
Sup41,Brooke Crop,Non.ppt,bcrop14@elegantthemes.com,5 Morningstar Hill,416-716-2942
Sup42,Lyndsie Georgi,Nullam.jpeg,lgeorgi15@huffingtonpost.com,916 Columbus Alley,460-164-1179
Sup43,Thelma Esser,Mauris.mp3,tesser16@gizmodo.com,1 Johnson Place,887-422-9187
Sup44,Jon Newsham,HacHabitasse.ppt,jnewsham17@dmoz.org,35 Hoffman Center,300-957-0141
Sup45,Bettine Arnout,Pellentesque.mp3,barnout18@uiuc.edu,17937 6th Point,262-228-8962
Sup46,Laure Heinzel,Nulla.xls,lheinzel19@washingtonpost.com,520 Sauthoff Point,926-465-5665
Sup47,Holly Kezor,Ut.mp3,hkezor1a@phpbb.com,661 Grasskamp Parkway,658-117-0332
Sup48,Reeta Cardenoza,VolutpatIn.gif,rcardenoza1b@spotify.com,11 Granby Pass,814-744-7599
Sup49,Giorgia Golsby,NequeAeneanAuctor.tiff,ggolsby1c@xinhuanet.com,0 American Center,158-183-4539
Sup50,Monty Ortiga,Vel.avi,mortiga1d@marriott.com,68640 Raven Road,491-826-2140
